{"input": {"label": [7, 2, 7, 6, 7, 8, 5, 8, 5, 8, 10, 7, 7, 4, 9, 9, 4, 7, 0, 5, 10, 1, 6, 2, 10, 4, 4, 6, 10, 10, 7, 9, 9, 6, 1, 1, 2, 1, 7, 4, 5, 10, 9, 5, 4, 7, 0, 8, 4, 8, 9, 2, 0, 6, 2, 4, 9, 3, 6, 7, 2, 8, 6, 8, 0, 7, 0, 8, 10], "score": [[-2.3102941075188403, -0.3219586054935327, -0.09854596265671065, 1.6134618908730252, 0.75751464685334, 0.4088310570082368, 0.6443338945430556, 0.3438658605794753, -0.3252328424169534, 0.32120375899880604, -0.6429677908854076], [-0.7216077037485894, 1.9767970481114898, 0.5206672038703953, -0.0012765769814208406, 0.19475045317948472, -1.638623098674751, -1.1735182184329496, -0.11948261070935953, -1.620900102192048, -0.5229083527363502, -0.9562851431936535], [-0.375555980965242, 0.8132642215339365, -2.0129538825686084, -0.045005047106934405, 0.5788006936256602, -0.6267948897529368, 1.7885929431713674, -0.7900697689558084, 0.06965453850505392, -1.2038965828509651, 0.5419945250031711], [-2.0067945814322137, -0.588298961776733, 0.7491031109686909, 0.6452950987176957, -1.6884221773500028, 0.048628742284329195, 0.5457361994700554, 2.9672937636225543, -2.1930587143648173, -0.32409966621903336, -0.37556247269292387], [0.09661411929091483, -0.2939458987970803, -2.077870560855237, 0.8695697223949375, 0.15950267060162363, -0.841439221162663, -0.6273971146029671, 1.860453603577429, -0.3810226932602872, -1.2892307434296186, 0.5425790623129322], [-1.5701303956572024, 1.0136313805566028, -0.5733606351837057, 0.9083912549538881, 0.10529403292170202, -0.06054713115476779, -1.9820949066574591, -0.2923643630443929, -0.7441606874793955, -1.4434556762929476, -0.14274401619320068], [-0.2298121163642306, 0.13498033945766788, 1.239309051864619, 0.8873176502372953, -0.07154297322655145, -0.3124087286618436, -0.3759865780248299, -0.8841242190597577, -0.6064374109853717, -0.0673770410399423, -0.18423878249901351], [1.550762719604542, -2.5911743236781595, 0.4538181671613665, 2.095890635844682, -0.9690761809438024, 0.26838307213387863, 0.09772358619726161, -0.8762337333559744, -3.8986694651583016, -0.5901359980627812, 0.5374313070442922], [0.791658931025172, 0.931120475453803, 0.31315753118680534, -1.0185230924597424, -0.0011479416189518826, 0.9300638538456117, -0.9699300048059387, -1.2423020233308257, 0.2553812088901856, 0.15626829908531747, 1.0025426316561605], [-0.1979285760628146, -0.6820962470257943, 0.5020904792303017, -0.05849740476619098, 1.8138621840186198, 0.03313769954317918, -1.1697878309784027, 0.27042989316476235, 0.8655091810386882, 1.4974073720163954, -0.6443647542282068], [-1.2332744054510856, 0.13325164588569283, -0.11229646516104141, -0.5242810911610407, 1.4536757395022395, 0.5928934458882813, -0.44487198084846075, -0.40757463790747067, -0.3484567130926567, 0.07858798432786034, 1.2428416608062254], [-0.010803408786359174, 0.3812910924511896, -1.2147209133674537, -0.5480452209290901, -1.5398686719522414, -0.6721350396603942, -0.7131465754919281, 1.192649294548376, -0.8808790078512603, 0.10266573335314647, 0.44576075795303544], [-0.696890440298592, -1.515925821939329, 2.8605500254385228, -0.8983461704569545, 0.0995932973678196, 0.43499468316685735, -1.0392400895715703, 1.3822427644651734, -0.7417079910795429, 0.3779636551838981, -0.2641353191796627], [-0.34142160978685393, -0.8908542255334521, -0.8215917577722917, -0.6579152559341452, -1.1207722132558564, -0.7636182964309731, 0.32102917583657065, 1.0651434961175528, 0.1678521406001645, -1.583728576755484, 0.06208647070901023], [0.4626872716150768, -0.011521143443557296, 0.08398047210963502, 0.7951185818826618, -3.4598816661661176, 1.161396882803458, -0.16753491322437314, 0.8704925087128524, 1.1045174867627296, 1.3329348697713848, -2.002746849697398], [-0.17707549788520474, 0.5785333603967479, 0.14613313726300184, -0.30022923634119425, -0.44850113957408505, -0.14571685383279878, 2.245154752911715, 0.24123809594172232, 0.003247419410930763, -0.3694087174447996, -0.7728719946663795], [-0.5971705999788607, 1.094360582871639, 0.05713260801079767, 0.8172435152740067, -0.20335415816798932, -0.865574585005901, 0.49415495370622964, -0.08259969458896817, 1.2629425731537143, -0.5368793846967412, -0.9513049891191094], [-0.06363067548418141, -0.3613077652466309, -0.5972156826972307, 1.203107486712864, 1.4996054341581297, -0.36142710646045817, 0.03173263059770894, 0.6872287037250129, 1.7410521654905402, 0.6803239462958723, 0.12118073320505876], [0.14003250425312525, 2.1169133077142948, 0.4653247743794358, 1.0067581947506639, -0.8173456868109854, 0.6500409148926948, -0.5576908746986173, 0.9205022155546027, 1.053375795091185, -0.6144606017114105, 1.111338798392062], [0.9328733268783185, 0.09253505816595414, 0.21740626162151216, -0.16868696545904588, 0.12626573732324736, 0.3358201751098998, -0.3725074625929406, -0.4285345822403543, -0.34174456154675914, 2.4153958448083084, 0.32874607082088664], [0.5051220031096727, 0.5122011932109899, 0.873940735053611, -0.4657060874633683, 0.9378050460680799, -0.8167301519197068, 1.53866999695304, -0.1815454126631976, 0.5813905653129045, -1.4127004831760226, 0.43278101480524495], [0.8020126114227157, 0.6416704207491138, 0.3084056695461168, -0.6375876332361481, -1.058041531208571, 1.00991963562476, 1.1157792551926216, 1.2292227380065257, -2.589924650717696, -0.6571490675207828, -0.43910155000074835], [0.21962683159478016, 0.09925961112567111, 1.076420468789533, 1.4996905194751458, -0.45054029160266246, 1.2381607670391896, -0.25746907975150735, 0.1473126115344468, 1.4459872505157916, 0.538053125489209, 0.5600480243859708], [2.6761571061571727, 0.45849123222024707, 0.6421237659208741, -0.8989009266580459, -0.7794644156895322, -1.0373763177821813, 0.08024156135206738, -2.0075262801988916, -1.2877444195696521, -0.727508326444254, -0.38365339278923366], [-0.7410652135430844, 1.1818708109642981, 1.1007535405431823, 0.2453851609028031, -0.4643155641869205, -0.5751505312378146, -0.8651437679095978, 0.9214197920156038, 1.0156573434432519, 0.8976924003778066, -1.2970155160504373], [-0.24126070511723494, 1.7935795772813476, 0.33126741810853316, 0.14670314306071125, 0.7633210066349984, 1.1223542866889606, -1.7896484386069942, 2.157772551897501, -0.030972887622121307, -0.02714349001416694, 0.1927839700062895], [-0.8299581144145202, -2.2234457430155867, -1.0783640310070284, 1.344974693461878, 0.3015320649660414, 0.4927009334223308, -0.0748791060925538, 0.20822996329572685, 0.8864231948088466, -1.500107320330252, -1.4695820009659868], [-1.03322902173345, 1.2191195967001744, -0.26632234410679, 0.8684731869267132, 2.1182120653059875, 1.267756749710507, -1.0125196568545165, 0.5550506131223554, 0.8242935879013883, -0.44893534751266395, 0.5424410009973893], [-0.020752484785709294, 0.5618532594451371, 1.1068765523624922, -1.1239406381911559, -0.6765019762791509, 0.34094767709270807, 0.737737315330884, -2.1507501699822438, 2.0856580800386375, -0.4380627215556537, -0.13475380940465337], [0.4439222215299469, -2.0395394581831567, -0.006269452729656759, 0.8087801210610469, 0.4486245965709807, -0.8849551920360939, -0.031446027551917, 0.0394321894728524, 0.7489051318188185, -2.540129661851487, -0.8510382718255186], [0.11741914619935262, 0.24260423015944352, -0.42517530434261996, 1.010664905159744, 1.3667660829367638, 0.04923661620792703, 0.03530871714951827, -0.0411392584695332, -0.11452506990838432, 0.485260976156853, 2.143263524493636], [-0.8121620048302179, 0.2777406047261287, 2.543826562261583, 0.6792476836940646, 1.4759513131612156, 1.7004448804213685, -2.3626534954951652, -0.9856088500105823, 1.7905583306631572, 0.09811545010105463, 0.37740927948667646], [0.8041556121377321, -1.659636291976556, -0.8981844543077613, -0.9364214528668642, -1.2590155244137868, 0.33591685409098143, -0.6186423065445986, -1.2846309834117606, 0.5308451735006978, -1.0273118665324212, 0.7573436891084622], [-1.8568904693988817, 0.010408260919434718, 1.1441774036354588, -1.2333428348609405, -1.5803018921156364, -0.11058741517743426, 0.7157493224458057, 0.18270984226074652, -0.826070493817354, 